epoch;acc;loss;lr;val_acc;val_loss
0;0.353166695163;2.33843973041;1e-05;0.331666693091;2.08479527235
