epoch;acc;loss;lr;val_acc;val_loss
0;0.511086623743;29.7326292992;0.0001;0.68869625181;19.8611020088
1;0.730012501776;15.4262348652;0.0001;0.831488746405;11.9160018921
0;0.522978873253;38.2082424927;0.0001;0.725674986839;32.3756306966
1;0.724392869473;28.5038070679;0.0001;0.829173962275;24.6413421631
