epoch;acc;loss;lr;val_acc;val_loss
0;0.511086623743;29.7326292992;0.0001;0.68869625181;19.8611020088
1;0.730012501776;15.4262348652;0.0001;0.831488746405;11.9160018921
