epoch;acc;loss;lr;val_acc;val_loss
0;0.513622122258;29.4288499117;0.0001;0.67931625396;19.3879482269
1;0.739554873854;14.7320069313;0.0001;0.820913749933;11.232047081
2;0.816824498028;9.23727769256;0.0001;0.881701245904;7.43470385075
3;0.868397495896;6.30157424808;0.0001;0.885201248527;5.25798773766
4;0.86817387566;4.57905116379;0.0001;0.87041875422;3.92197654247
